zone,width,height,agents,seed,astar_nodes,astar_time_ms,astar_makespan,astar_soc,pibt_time_ms,pibt_makespan,pibt_soc,makespan_ratio,soc_ratio
3x3_2agents,3,3,2,1,10,0.655709,3,6,0.101708,3,5,1,0.833333
3x3_2agents,3,3,2,2,16,0.868792,3,5,0.071167,3,4,1,0.8
3x3_2agents,3,3,2,3,26,1.29829,4,8,0.076291,4,5,1,0.625
3x3_2agents,3,3,2,4,5,0.32875,2,2,0.058833,2,2,1,1
3x3_2agents,3,3,2,5,6,0.311167,2,4,0.058209,2,3,1,0.75
3x3_2agents,3,3,2,6,16,0.8615,3,6,0.063709,3,4,1,0.666667
3x3_2agents,3,3,2,7,6,0.352833,2,2,0.069208,2,2,1,1
3x3_2agents,3,3,2,8,6,0.349833,2,4,0.057791,2,3,1,0.75
3x3_2agents,3,3,2,9,14,0.762125,3,5,0.065708,3,4,1,0.8
3x3_2agents,3,3,2,10,34,1.69529,4,8,0.0735,4,4,1,0.5
3x3_2agents,3,3,2,11,5,0.268666,2,4,0.059083,2,3,1,0.75
3x3_2agents,3,3,2,12,16,0.8635,3,5,0.067917,3,4,1,0.8
3x3_2agents,3,3,2,13,8,0.44175,2,2,0.062291,2,2,1,1
3x3_2agents,3,3,2,14,21,1.10546,4,7,0.074,4,7,1,1
3x3_2agents,3,3,2,15,15,0.808083,3,6,0.06375,3,4,1,0.666667
3x3_2agents,3,3,2,16,5,0.324625,2,4,0.073167,4,8,2,2
3x3_2agents,3,3,2,17,29,1.53329,4,8,0.076792,4,6,1,0.75
3x3_2agents,3,3,2,18,2,0.105792,1,1,0.050291,1,1,1,1
3x3_2agents,3,3,2,19,9,0.4625,3,6,0.06525,3,5,1,0.833333
3x3_2agents,3,3,2,20,4,0.24075,2,4,0.058833,2,4,1,1
3x3_2agents,3,3,2,21,6,0.357,2,4,0.058875,2,3,1,0.75
3x3_2agents,3,3,2,22,34,1.69379,4,8,0.073584,4,4,1,0.5
3x3_2agents,3,3,2,23,6,0.353791,2,4,0.056709,2,4,1,1
3x3_2agents,3,3,2,24,9,0.581958,3,6,0.06825,3,6,1,1
3x3_2agents,3,3,2,25,3,0.182583,2,4,0.059417,2,4,1,1
3x3_2agents,3,3,2,26,6,0.3245,2,4,0.056625,2,3,1,0.75
3x3_2agents,3,3,2,27,14,0.722542,3,6,0.0635,3,4,1,0.666667
3x3_2agents,3,3,2,28,6,0.33425,2,2,0.055917,2,2,1,1
3x3_2agents,3,3,2,29,9,0.485542,3,6,0.072666,4,7,1.33333,1.16667
3x3_2agents,3,3,2,30,2,0.096292,1,2,0.05125,1,2,1,1
3x3_2agents,3,3,2,31,4,0.241792,2,4,0.058959,2,4,1,1
3x3_2agents,3,3,2,32,11,0.682125,3,5,0.064458,3,5,1,1
3x3_2agents,3,3,2,33,4,0.226666,2,4,0.057166,2,3,1,0.75
3x3_2agents,3,3,2,34,14,0.755709,3,6,0.062542,3,4,1,0.666667
3x3_2agents,3,3,2,35,5,0.30725,2,2,0.063958,2,2,1,1
3x3_2agents,3,3,2,36,5,0.428125,2,4,0.07325,4,6,2,1.5
3x3_2agents,3,3,2,37,4,0.243458,2,4,0.056041,2,3,1,0.75
3x3_2agents,3,3,2,38,4,0.214958,2,4,0.060292,2,3,1,0.75
3x3_2agents,3,3,2,39,5,0.387875,2,4,0.079458,2,3,1,0.75
3x3_2agents,3,3,2,40,24,1.98867,4,7,0.146583,4,7,1,1
3x3_2agents,3,3,2,41,1,0.052792,0,0,0.072583,0,0,1,1
3x3_2agents,3,3,2,42,17,1.65442,3,6,0.098334,3,3,1,0.5
3x3_2agents,3,3,2,43,4,0.444084,2,4,0.082416,2,4,1,1
3x3_2agents,3,3,2,44,12,0.818834,3,6,0.064917,3,5,1,0.833333
3x3_2agents,3,3,2,45,17,0.900583,3,6,0.06525,3,4,1,0.666667
3x3_2agents,3,3,2,46,5,0.316042,2,4,0.058458,2,3,1,0.75
3x3_2agents,3,3,2,47,29,1.38675,4,8,0.071833,4,7,1,0.875
3x3_2agents,3,3,2,48,11,0.607625,3,6,0.065458,3,5,1,0.833333
3x3_2agents,3,3,2,49,8,0.434291,2,2,0.056125,2,2,1,1
3x3_2agents,3,3,2,50,2,0.114416,1,1,0.049708,1,1,1,1
4x4_2agents,4,4,2,1,6,0.508958,3,6,0.08175,3,5,1,0.833333
4x4_2agents,4,4,2,2,58,3.79421,5,10,0.098042,5,7,1,0.7
4x4_2agents,4,4,2,3,22,1.54862,3,6,0.083125,3,4,1,0.666667
4x4_2agents,4,4,2,4,16,1.00675,4,7,0.092292,4,7,1,1
4x4_2agents,4,4,2,5,60,3.89162,5,10,0.109458,5,8,1,0.8
4x4_2agents,4,4,2,6,25,1.72825,4,8,0.085,4,7,1,0.875
4x4_2agents,4,4,2,7,67,3.88125,5,9,0.089167,5,6,1,0.666667
4x4_2agents,4,4,2,8,14,0.7845,4,8,0.091,5,8,1.25,1
4x4_2agents,4,4,2,9,6,0.444917,3,6,0.076875,3,6,1,1
4x4_2agents,4,4,2,10,20,1.36883,3,6,0.076542,3,4,1,0.666667
4x4_2agents,4,4,2,11,4,0.35975,2,4,0.071583,2,4,1,1
4x4_2agents,4,4,2,12,22,1.35771,4,8,0.087166,4,7,1,0.875
4x4_2agents,4,4,2,13,28,1.78075,4,7,0.085291,4,6,1,0.857143
4x4_2agents,4,4,2,14,59,3.3665,5,10,0.0905,5,7,1,0.7
4x4_2agents,4,4,2,15,8,0.699625,3,6,0.077208,3,5,1,0.833333
4x4_2agents,4,4,2,16,43,2.53271,5,10,0.088959,5,9,1,0.9
4x4_2agents,4,4,2,17,18,1.30612,4,8,0.084958,4,8,1,1
4x4_2agents,4,4,2,18,1,0.033708,0,0,0.051625,0,0,1,1
4x4_2agents,4,4,2,19,14,0.912,4,7,0.083417,4,7,1,1
4x4_2agents,4,4,2,20,6,0.44175,2,4,0.067084,2,3,1,0.75
4x4_2agents,4,4,2,21,23,1.57275,5,10,0.090958,5,10,1,1
4x4_2agents,4,4,2,22,6,0.351667,2,4,0.064958,2,3,1,0.75
4x4_2agents,4,4,2,23,10,0.666209,3,5,0.078709,3,5,1,1
4x4_2agents,4,4,2,24,7,0.592541,3,6,0.078125,3,5,1,0.833333
4x4_2agents,4,4,2,25,6,0.532792,3,6,0.085083,3,5,1,0.833333
4x4_2agents,4,4,2,26,6,0.525333,3,6,0.078209,3,5,1,0.833333
4x4_2agents,4,4,2,27,84,5.05854,5,10,0.100708,5,10,1,1
4x4_2agents,4,4,2,28,4,0.334583,2,4,0.069292,2,4,1,1
4x4_2agents,4,4,2,29,6,0.327917,2,4,0.0725,2,3,1,0.75
4x4_2agents,4,4,2,30,15,1.03038,4,8,0.086833,4,8,1,1
4x4_2agents,4,4,2,31,38,2.13383,5,10,0.089125,5,8,1,0.8
4x4_2agents,4,4,2,32,57,3.36479,5,10,0.095417,5,10,1,1
4x4_2agents,4,4,2,33,66,3.88721,5,10,0.092792,5,10,1,1
4x4_2agents,4,4,2,34,16,0.992,4,7,0.084833,4,7,1,1
4x4_2agents,4,4,2,35,33,2.04429,4,7,0.092417,4,6,1,0.857143
4x4_2agents,4,4,2,36,16,0.949958,3,6,0.077375,3,4,1,0.666667
4x4_2agents,4,4,2,37,24,1.57658,4,8,0.089375,4,7,1,0.875
4x4_2agents,4,4,2,38,7,0.430125,2,2,0.066334,2,2,1,1
4x4_2agents,4,4,2,39,55,3.08946,5,10,0.0905,5,6,1,0.6
4x4_2agents,4,4,2,40,3,0.305542,2,4,0.089208,4,6,2,1.5
4x4_2agents,4,4,2,41,30,1.98854,4,7,0.0855,4,6,1,0.857143
4x4_2agents,4,4,2,42,55,3.27492,5,8,0.0905,5,7,1,0.875
4x4_2agents,4,4,2,43,9,0.793,3,6,0.090417,4,7,1.33333,1.16667
4x4_2agents,4,4,2,44,2,0.146584,1,2,0.060375,1,2,1,1
4x4_2agents,4,4,2,45,4,0.238291,2,4,0.066875,2,3,1,0.75
4x4_2agents,4,4,2,46,113,6.25713,6,12,0.139334,6,11,1,0.916667
4x4_2agents,4,4,2,47,55,3.19429,5,10,0.096375,5,6,1,0.6
4x4_2agents,4,4,2,48,31,1.81304,4,8,0.085792,4,5,1,0.625
4x4_2agents,4,4,2,49,10,0.654083,2,2,0.067875,2,2,1,1
4x4_2agents,4,4,2,50,30,1.74562,4,8,0.08325,4,5,1,0.625
4x4_3agents,4,4,3,1,20,8.35033,3,8,0.108333,3,6,1,0.75
4x4_3agents,4,4,3,2,247,85.2477,5,15,0.150709,5,11,1,0.733333
4x4_3agents,4,4,3,3,66,22.1928,3,9,0.116,3,5,1,0.555556
4x4_3agents,4,4,3,4,56,17.0703,4,12,0.122666,4,10,1,0.833333
4x4_3agents,4,4,3,5,433,141.572,5,14,0.161209,6,14,1.2,1
4x4_3agents,4,4,3,6,60,19.4684,4,11,0.136083,5,12,1.25,1.09091
4x4_3agents,4,4,3,7,353,115.654,5,14,0.171292,5,10,1,0.714286
4x4_3agents,4,4,3,8,30,8.13871,4,12,0.148958,6,15,1.5,1.25
4x4_3agents,4,4,3,9,46,19.7395,4,12,0.211084,4,10,1,0.833333
4x4_3agents,4,4,3,10,13,5.6215,3,9,0.14275,3,7,1,0.777778
4x4_3agents,4,4,3,11,5,3.63496,2,6,0.127791,2,6,1,1
4x4_3agents,4,4,3,12,26,10.2999,4,11,0.152125,6,13,1.5,1.18182
4x4_3agents,4,4,3,13,87,38.033,4,11,0.174166,4,9,1,0.818182
4x4_3agents,4,4,3,14,208,62.3144,5,14,0.142916,5,11,1,0.785714
4x4_3agents,4,4,3,15,387,127.324,5,12,0.143292,5,10,1,0.833333
4x4_3agents,4,4,3,16,142,45.2716,5,15,0.200458,5,13,1,0.866667
4x4_3agents,4,4,3,17,44,20.556,4,11,0.136667,4,12,1,1.09091
4x4_3agents,4,4,3,18,842,257.345,6,18,0.158125,6,12,1,0.666667
4x4_3agents,4,4,3,19,36,12.9842,4,11,0.126,4,10,1,0.909091
4x4_3agents,4,4,3,20,20,7.78346,2,4,0.101167,2,3,1,0.75
4x4_3agents,4,4,3,21,130,54.66,5,15,0.1965,5,12,1,0.8
4x4_3agents,4,4,3,22,6,1.93962,2,6,0.125041,4,7,2,1.16667
4x4_3agents,4,4,3,23,32,11.2598,3,9,0.118,3,5,1,0.555556
4x4_3agents,4,4,3,24,52,19.094,4,11,0.120417,4,9,1,0.818182
4x4_3agents,4,4,3,25,16,6.41763,3,5,0.104791,3,5,1,1
4x4_3agents,4,4,3,26,9,4.71837,3,9,0.114292,3,8,1,0.888889
4x4_3agents,4,4,3,27,597,180.639,6,18,0.159708,6,16,1,0.888889
4x4_3agents,4,4,3,28,24,7.33733,3,8,0.103375,3,7,1,0.875
4x4_3agents,4,4,3,29,10,2.88258,2,6,0.086333,2,4,1,0.666667
4x4_3agents,4,4,3,30,28,9.45225,4,12,0.113709,4,12,1,1
4x4_3agents,4,4,3,31,108,31.285,5,12,0.162833,9,22,1.8,1.83333
4x4_3agents,4,4,3,32,425,127.541,5,15,0.163541,5,14,1,0.933333
4x4_3agents,4,4,3,33,262,86.2666,5,15,0.150292,5,13,1,0.866667
4x4_3agents,4,4,3,34,48,14.0612,4,10,0.119,4,10,1,1
4x4_3agents,4,4,3,35,128,40.2308,4,12,0.11775,4,8,1,0.666667
4x4_3agents,4,4,3,36,561,160.298,6,18,0.162416,6,12,1,0.666667
4x4_3agents,4,4,3,37,89,30.1815,4,12,0.1285,4,10,1,0.833333
4x4_3agents,4,4,3,38,98,30.4462,4,12,0.121291,4,8,1,0.666667
4x4_3agents,4,4,3,39,199,61.6785,5,14,0.134916,5,10,1,0.714286
4x4_3agents,4,4,3,40,1092,311.171,6,18,0.173583,6,14,1,0.777778
4x4_3agents,4,4,3,41,137,47.1386,4,11,0.125459,4,7,1,0.636364
4x4_3agents,4,4,3,42,154,47.3439,5,15,0.139542,6,15,1.2,1
4x4_3agents,4,4,3,43,21,8.67021,3,9,0.179833,4,8,1.33333,0.888889
4x4_3agents,4,4,3,44,138,52.3066,4,12,0.131875,4,12,1,1
4x4_3agents,4,4,3,45,5,1.13746,2,6,0.0855,2,4,1,0.666667
4x4_3agents,4,4,3,46,869,254.471,6,18,0.159167,6,15,1,0.833333
4x4_3agents,4,4,3,47,271,124.539,5,15,0.338166,5,8,1,0.533333
4x4_3agents,4,4,3,48,90,35.9244,4,11,0.261875,4,8,1,0.727273
4x4_3agents,4,4,3,49,16,18.6498,2,4,0.120209,2,3,1,0.75
4x4_3agents,4,4,3,50,54,28.2162,4,11,0.154375,4,8,1,0.727273
